{"cameraMode":{"drawMode":0,"name":"Shaded","section":"Shading Mode"},"sceneLighting":false,"audioPlay":false,"sceneViewState":{"m_AlwaysRefresh":false,"showFog":false,"showSkybox":false,"showFlares":false,"showImageEffects":false,"showParticleSystems":false,"showVisualEffectGraphs":true,"m_FxEnabled":true},"in2DMode":false,"pivot":{"x":-0.36868155002593996,"y":1.8947138786315919,"z":0.05432319641113281},"rotation":{"x":-0.1613897681236267,"y":0.14186039566993714,"z":-0.02344939112663269,"w":-0.9763892889022827},"size":2.0812289714813234,"orthographic":false}